강하나스트레칭,홈트레이닝,엉덩이,"강하나 스트레칭  - 누워서하는 쉬~~운   중둔근 운동(힙업,승마살 모두제거)",/watch?v=0ToI97HoPjw,조회수 1만회,3일 전
강하나스트레칭,홈트레이닝,허벅지,강하나 스트레칭(2019.11) - 누워서 하는 허벅지 안쪽살 빼기,/watch?v=18RtMJIpp04,조회수 3.8만회,6일 전
강하나스트레칭,홈트레이닝,엉덩이,강하나 스트레칭(2019.11) - 힙업 브릿지 운동(엉덩이 뽕긋),/watch?v=_6N_66jJR3g,조회수 6.7천회,1주 전
강하나스트레칭,홈트레이닝,복근&허리,강하나 스트레칭(2019.11) - 아랫배 살빼는 방법(11자 복근 만들기),/watch?v=-eOFbV9ljgs,조회수 2.5만회,1주 전
강하나스트레칭,스트레칭,하체,"강하나 스트레칭(2019.10) - 하체 스트레칭 제대로 하는 방법(허리통증,골반뻣뻣하신 분들 꼭 보세요^^)",/watch?v=Q_vixcaMIT0,조회수 1.2만회,2주 전
강하나스트레칭,스트레칭,팔,"강하나 스트레칭(2019.10) - 팔뚝살 제대로 빼는 방법(승모근,어깨힘 들어가시는 분들 꼭 보세요^^)",/watch?v=ITaScr5v2wc,조회수 1.4만회,2주 전
강하나스트레칭,스트레칭,하체,"강하나 스트레칭(2019.10) - 가벼운 하체를 위한 """"모닝 하체 스트레칭""""",/watch?v=JRKsbHpZh-I,조회수 1.1만회,3주 전
강하나스트레칭,스트레칭,허벅지,강하나 스트레칭(2019.10) - 싸이 스트레치(앞벅지를 탄탄하고 매끈하게~~),/watch?v=zqXxU4oO6ls,조회수 6.8천회,3주 전
강하나스트레칭,홈트레이닝,팔,"강하나 스트레칭(2019.10) - 누구나 쉽게 할수 있는 """"팔굽혀펴기""""",/watch?v=w5II2pF40B4,조회수 7.9천회,1개월 전
강하나스트레칭,스트레칭,골반,강하나 스트레칭(2019.10) - 누워서 하는 골반교정 스트레칭,/watch?v=BqkhoTDL4yM,조회수 2만회,1개월 전
강하나스트레칭,스트레칭,하체,강하나 스트레칭(2019.10) - 완전 초보자 하체 스트레칭,/watch?v=JWUv7EeV-2E,조회수 1.8만회,1개월 전
강하나스트레칭,홈트레이닝,허벅지,강하나 스트레칭(2019.09) -와이드 스쿼트100개,/watch?v=fVTb16rjTs8,조회수 14만회,1개월 전
강하나스트레칭,홈트레이닝,팔,강하나 스트레칭(2019.09) - 출렁이고 처진 팔뚝살 안녕~~!!!,/watch?v=El5VfFNhlL8,조회수 2.7만회,1개월 전
강하나스트레칭,홈트레이닝,어깨,강하나 스트레칭(2019.09) - 니트핏이 되살아나는 직각어깨&일자어깨 만들기,/watch?v=JXo3vwEsltY,조회수 2.3만회,1개월 전
강하나스트레칭,스트레칭,하체,강하나 스트레칭(2019.09) - 청바지 혹은 바지핏이 되살아나는 하체 스트레칭,/watch?v=gxZ_A2dIouY,조회수 6.5만회,2개월 전
강하나스트레칭,홈트레이닝,전신,강하나 스트레칭 -  함께하는 강하나홈트 - 풀영상편,/watch?v=MQgg6eLjNAc,조회수 1.9만회,2개월 전
강하나스트레칭,홈트레이닝,전신,강하나 스트레칭(2019.08) - 함께하는 강하나 홈트 2편(8분만에 효과만점),/watch?v=Dobl9stW4P0,조회수 1.3만회,2개월 전
강하나스트레칭,홈트레이닝,전신,강하나 스트레칭 -함께하는 강하나 홈트 1편(급찐 급빠)/Hana Kang’s Home Workout Part 1- Lose Rapidly Gained Weight Fast,/watch?v=Byj-zzzbECg,조회수 3.5만회,3개월 전
강하나스트레칭,스트레칭,하체,강하나 스트레칭(2019.08) - 상급자 다리찢기,/watch?v=K7yfbKk_vuA,조회수 7.6천회,3개월 전
강하나스트레칭,스트레칭,허벅지,강하나 스트레칭(2019.08) - 옆벅지 스트레칭 (옆툭튀살 제거),/watch?v=0N6BCMxaC44,조회수 3.9만회,3개월 전
강하나스트레칭,스트레칭,전신,강하나 X CJ밸런스밀과 함께하는 -  10분 전신 스트레칭,/watch?v=Y0Ox35ObhRc,조회수 9천회,3개월 전
